District Name,District Code,Block Name,Block Code,Cluster Code,School Name,UDISE Code,School Management,School Category,PP3(Boys),PP3(Girls),PP3(Trans),PP3(Total),PP2(Boys),PP2(Girls),PP2(Trans),PP2(Total),PP1(Boys),PP1(Girls),PP1(Trans),PP1(Total),Class 1(Boys),Class 1(Girls),Class 1(Trans),Class 1(Total),Class 2(Boys),Class 2(Girls),Class 2(Trans),Class 2(Total),Class 3(Boys),Class 3(Girls),Class 3(Trans),Class 3(Total),Class 4(Boys),Class 4(Girls),Class 4(Trans),Class 4(Total),Class 5(Boys),Class 5(Girls),Class 5(Trans),Class 5(Total),Class 6(Boys),Class 6(Girls),Class 6(Trans),Class 6(Total),Class 7(Boys),Class 7(Girls),Class 7(Trans),Class 7(Total),Class 8(Boys),Class 8(Girls),Class 8(Trans),Class 8(Total),Class 9(Boys),Class 9(Girls),Class 9(Trans),Class 9(Total),Class 10(Boys),Class 10(Girls),Class 10(Trans),Class 10(Total),Class 11(Boys),Class 11(Girls),Class 11(Trans),Class 11(Total),Class 12(Boys),Class 12(Girls),Class 12(Trans),Class 12(Total),Total Boys,Total Girls,Total Trans,Grand Total
PASCHIM BARDHAMAN,1926,BARABANI,192602,CLU1922530,ALIGANJ F.P. SCHOOL,19260204902,1,1,0,0,0,0,0,0,0,0,10,9,0,19,9,8,0,17,13,8,0,21,19,7,0,26,10,9,0,19,0,0,0,0,0,0,0,0,0,0,0,0,0,0,0,0,0,0,0,0,0,0,0,0,0,0,0,0,0,0,0,0,61,41,0,102
PASCHIM BARDHAMAN,1926,BARABANI,192602,CLU1922531,ALIPUR F.P. SCHOOL,19260207402,1,1,0,0,0,0,0,0,0,0,6,5,0,11,13,4,0,17,2,12,0,14,5,4,0,9,6,5,0,11,0,0,0,0,0,0,0,0,0,0,0,0,0,0,0,0,0,0,0,0,0,0,0,0,0,0,0,0,0,0,0,0,32,30,0,62
PASCHIM BARDHAMAN,1926,BARABANI,192602,CLU1922531,AMDIHA F.P. SCHOOL,19260208004,1,1,0,0,0,0,0,0,0,0,1,0,0,1,6,5,0,11,8,8,0,16,10,7,0,17,5,4,0,9,0,0,0,0,0,0,0,0,0,0,0,0,0,0,0,0,0,0,0,0,0,0,0,0,0,0,0,0,0,0,0,0,30,24,0,54
PASCHIM BARDHAMAN,1926,BARABANI,192602,CLU1922531,AMDIHA HINDI F.P. SCHOOL,19260208005,1,1,0,0,0,0,0,0,0,0,2,1,0,3,0,4,0,4,1,0,0,1,5,4,0,9,6,2,0,8,0,0,0,0,0,0,0,0,0,0,0,0,0,0,0,0,0,0,0,0,0,0,0,0,0,0,0,0,0,0,0,0,14,11,0,25
PASCHIM BARDHAMAN,1926,BARABANI,192602,CLU1922531,AMNALA F.P. SCHOOL,19260207805,1,1,0,0,0,0,0,0,0,0,8,7,0,15,9,4,0,13,5,7,0,12,9,7,0,16,11,9,0,20,0,0,0,0,0,0,0,0,0,0,0,0,0,0,0,0,0,0,0,0,0,0,0,0,0,0,0,0,0,0,0,0,42,34,0,76
PASCHIM BARDHAMAN,1926,BARABANI,192602,CLU1920815,AMULIA SSK,19260202104,12,1,0,0,0,0,0,0,0,0,0,0,0,0,8,1,0,9,3,5,0,8,2,7,0,9,6,0,0,6,0,0,0,0,0,0,0,0,0,0,0,0,0,0,0,0,0,0,0,0,0,0,0,0,0,0,0,0,0,0,0,0,19,13,0,32
PASCHIM BARDHAMAN,1926,BARABANI,192602,CLU1920860,ANANDA MARGA PRIMARY SCHOOL,19260208904,5,1,0,0,0,0,6,6,0,12,15,19,0,34,12,3,0,15,6,1,0,7,7,6,0,13,15,7,0,22,0,0,0,0,0,0,0,0,0,0,0,0,0,0,0,0,0,0,0,0,0,0,0,0,0,0,0,0,0,0,0,0,61,42,0,103
PASCHIM BARDHAMAN,1926,BARABANI,192602,CLU1920860,ASANBANI ADIBASI F.P. SCHOOL,19260208302,1,1,0,0,0,0,0,0,0,0,5,6,0,11,11,7,0,18,10,8,0,18,6,5,0,11,7,4,0,11,0,0,0,0,0,0,0,0,0,0,0,0,0,0,0,0,0,0,0,0,0,0,0,0,0,0,0,0,0,0,0,0,39,30,0,69
PASCHIM BARDHAMAN,1926,BARABANI,192602,CLU1922531,BALIAPUR F.P. SCHOOL,19260208103,1,1,0,0,0,0,0,0,0,0,18,4,0,22,14,5,0,19,9,9,0,18,17,10,0,27,10,9,0,19,12,12,0,24,0,0,0,0,0,0,0,0,0,0,0,0,0,0,0,0,0,0,0,0,0,0,0,0,0,0,0,0,80,49,0,129
PASCHIM BARDHAMAN,1926,BARABANI,192602,CLU1922531,BALIAPUR NICHUPARA F.P. SCHOOL,19260208101,1,1,0,0,0,0,0,0,0,0,2,1,0,3,5,2,0,7,2,3,0,5,3,3,0,6,0,4,0,4,0,0,0,0,0,0,0,0,0,0,0,0,0,0,0,0,0,0,0,0,0,0,0,0,0,0,0,0,0,0,0,0,12,13,0,25
PASCHIM BARDHAMAN,1926,BARABANI,192602,CLU1922531,BALIAPUR T.P. HIGH SCHOOL,19260209301,15,7,0,0,0,0,0,0,0,0,0,0,0,0,0,0,0,0,0,0,0,0,0,0,0,0,0,0,0,0,29,28,0,57,42,38,0,80,41,49,0,90,41,49,0,90,126,115,0,241,24,64,0,88,0,0,0,0,0,0,0,0,303,343,0,646
PASCHIM BARDHAMAN,1926,BARABANI,192602,CLU1922530,BANSPAHARI F.P. SCHOOL,19260205001,1,1,0,0,0,0,0,0,0,0,9,4,0,13,8,7,0,15,8,6,0,14,6,7,0,13,3,4,0,7,0,0,0,0,0,0,0,0,0,0,0,0,0,0,0,0,0,0,0,0,0,0,0,0,0,0,0,0,0,0,0,0,34,28,0,62
PASCHIM BARDHAMAN,1926,BARABANI,192602,CLU1920830,BARABANI ADI SSK,19260200103,12,1,0,0,0,0,0,0,0,0,1,3,0,4,1,1,0,2,4,7,0,11,0,5,0,5,2,2,0,4,0,0,0,0,0,0,0,0,0,0,0,0,0,0,0,0,0,0,0,0,0,0,0,0,0,0,0,0,0,0,0,0,8,18,0,26
PASCHIM BARDHAMAN,1926,BARABANI,192602,CLU1920830,BARABANI F.P. SCHOOL,19260200101,1,1,0,0,0,0,0,0,0,0,6,5,0,11,9,7,0,16,9,5,0,14,9,11,0,20,7,4,0,11,7,10,0,17,0,0,0,0,0,0,0,0,0,0,0,0,0,0,0,0,0,0,0,0,0,0,0,0,0,0,0,0,47,42,0,89
PASCHIM BARDHAMAN,1926,BARABANI,192602,CLU1920830,BARABANI STATION F.P. SCHOOL,19260200201,1,1,0,0,0,0,0,0,0,0,1,6,0,7,9,6,0,15,12,12,0,24,10,8,0,18,17,10,0,27,7,13,0,20,0,0,0,0,0,0,0,0,0,0,0,0,0,0,0,0,0,0,0,0,0,0,0,0,0,0,0,0,56,55,0,111
PASCHIM BARDHAMAN,1926,BARABANI,192602,CLU1920784,BARABATHAN F.P. SCHOOL,19260203803,1,1,0,0,0,0,0,0,0,0,3,2,0,5,5,4,0,9,0,2,0,2,4,1,0,5,2,3,0,5,0,0,0,0,0,0,0,0,0,0,0,0,0,0,0,0,0,0,0,0,0,0,0,0,0,0,0,0,0,0,0,0,14,12,0,26
PASCHIM BARDHAMAN,1926,BARABANI,192602,CLU1922531,BARAMPUR SSK,19260207503,12,1,0,0,0,0,0,0,0,0,0,0,0,0,1,2,0,3,2,2,0,4,5,2,0,7,2,4,0,6,0,0,0,0,0,0,0,0,0,0,0,0,0,0,0,0,0,0,0,0,0,0,0,0,0,0,0,0,0,0,0,0,10,10,0,20
PASCHIM BARDHAMAN,1926,BARABANI,192602,CLU1922531,BARDANGA F.P. SCHOOL,19260207201,1,1,0,0,0,0,0,0,0,0,10,10,0,20,13,7,0,20,7,6,0,13,8,7,0,15,13,12,0,25,0,0,0,0,0,0,0,0,0,0,0,0,0,0,0,0,0,0,0,0,0,0,0,0,0,0,0,0,0,0,0,0,51,42,0,93
PASCHIM BARDHAMAN,1926,BARABANI,192602,CLU1920835,BELDANGA ADIBASI F.P. SCHOOL,19260206302,1,1,0,0,0,0,0,0,0,0,4,7,0,11,0,3,0,3,2,2,0,4,4,4,0,8,2,2,0,4,0,0,0,0,0,0,0,0,0,0,0,0,0,0,0,0,0,0,0,0,0,0,0,0,0,0,0,0,0,0,0,0,12,18,0,30
PASCHIM BARDHAMAN,1926,BARABANI,192602,CLU1922530,BELPAHARI F.P. SCHOOL,19260204901,1,1,0,0,0,0,0,0,0,0,3,3,0,6,4,1,0,5,3,3,0,6,3,1,0,4,3,3,0,6,0,0,0,0,0,0,0,0,0,0,0,0,0,0,0,0,0,0,0,0,0,0,0,0,0,0,0,0,0,0,0,0,16,11,0,27
PASCHIM BARDHAMAN,1926,BARABANI,192602,CLU1920830,BHANORA COLLIERY HINDI F.P. SCHOOL,19260200401,1,1,0,0,0,0,0,0,0,0,5,5,0,10,10,9,0,19,10,4,0,14,3,11,0,14,8,8,0,16,11,4,0,15,0,0,0,0,0,0,0,0,0,0,0,0,0,0,0,0,0,0,0,0,0,0,0,0,0,0,0,0,47,41,0,88
PASCHIM BARDHAMAN,1926,BARABANI,192602,CLU1920830,BHANORA COLLIERY HINDI JR. HIGH SCHOOL,19260200403,1,4,0,0,0,0,0,0,0,0,0,0,0,0,0,0,0,0,0,0,0,0,0,0,0,0,0,0,0,0,0,0,0,0,0,1,0,1,0,0,0,0,0,0,0,0,0,0,0,0,0,0,0,0,0,0,0,0,0,0,0,0,0,1,0,1
PASCHIM BARDHAMAN,1926,BARABANI,192602,CLU1920830,BHANORA COLLIERY N D F.P. SCHOOL,19260200402,1,1,0,0,0,0,0,0,0,0,4,7,0,11,9,6,0,15,10,5,0,15,3,5,0,8,6,10,0,16,0,0,0,0,0,0,0,0,0,0,0,0,0,0,0,0,0,0,0,0,0,0,0,0,0,0,0,0,0,0,0,0,32,33,0,65
PASCHIM BARDHAMAN,1926,BARABANI,192602,CLU1920830,BHANORA F.P. SCHOOL,19260200301,1,1,0,0,0,0,0,0,0,0,8,9,0,17,7,13,0,20,14,6,0,20,12,13,0,25,18,17,0,35,18,7,0,25,0,0,0,0,0,0,0,0,0,0,0,0,0,0,0,0,0,0,0,0,0,0,0,0,0,0,0,0,77,65,0,142
PASCHIM BARDHAMAN,1926,BARABANI,192602,CLU1920860,BHURADANGA SSK,19260208303,12,1,0,0,0,0,0,0,0,0,1,4,0,5,4,4,0,8,3,2,0,5,5,5,0,10,1,5,0,6,0,0,0,0,0,0,0,0,0,0,0,0,0,0,0,0,0,0,0,0,0,0,0,0,0,0,0,0,0,0,0,0,14,20,0,34
PASCHIM BARDHAMAN,1926,BARABANI,192602,CLU1922531,BIJARI F.P. SCHOOL,19260207601,1,1,0,0,0,0,0,0,0,0,7,6,0,13,3,9,0,12,9,6,0,15,5,3,0,8,8,4,0,12,0,0,0,0,0,0,0,0,0,0,0,0,0,0,0,0,0,0,0,0,0,0,0,0,0,0,0,0,0,0,0,0,32,28,0,60
PASCHIM BARDHAMAN,1926,BARABANI,192602,CLU1922531,BILA F.P. SCHOOL,19260207702,1,1,0,0,0,0,0,0,0,0,4,6,0,10,4,7,0,11,2,4,0,6,9,4,0,13,5,5,0,10,0,0,0,0,0,0,0,0,0,0,0,0,0,0,0,0,0,0,0,0,0,0,0,0,0,0,0,0,0,0,0,0,24,26,0,50
PASCHIM BARDHAMAN,1926,BARABANI,192602,CLU1922530,BINDUDIHI GOURBAZAR F.P. SCHOOL,19260204802,1,1,0,0,0,0,0,0,0,0,2,4,0,6,5,3,0,8,5,1,0,6,1,2,0,3,3,1,0,4,0,0,0,0,0,0,0,0,0,0,0,0,0,0,0,0,0,0,0,0,0,0,0,0,0,0,0,0,0,0,0,0,16,11,0,27
PASCHIM BARDHAMAN,1926,BARABANI,192602,CLU1920784,BINOD DANGA F.P. SCHOOL,19260204202,1,1,0,0,0,0,0,0,0,0,10,15,0,25,16,15,0,31,13,22,0,35,20,18,0,38,22,14,0,36,17,20,0,37,0,0,0,0,0,0,0,0,0,0,0,0,0,0,0,0,0,0,0,0,0,0,0,0,0,0,0,0,98,104,0,202
PASCHIM BARDHAMAN,1926,BARABANI,192602,CLU1920815,BLUE HEAVEN MONTESSORY SCHOOL,19260202301,5,2,0,0,0,0,0,0,0,0,1,0,0,1,1,1,0,2,0,0,0,0,0,0,0,0,0,0,0,0,0,0,0,0,0,0,0,0,0,0,0,0,0,0,0,0,0,0,0,0,0,0,0,0,0,0,0,0,0,0,0,0,2,1,0,3
PASCHIM BARDHAMAN,1926,BARABANI,192602,CLU1920784,CHARANPUR F.P. SCHOOL,19260204302,1,1,0,0,0,0,0,0,0,0,7,6,0,13,11,7,0,18,11,8,0,19,6,7,0,13,8,5,0,13,8,9,0,17,0,0,0,0,0,0,0,0,0,0,0,0,0,0,0,0,0,0,0,0,0,0,0,0,0,0,0,0,51,42,0,93
PASCHIM BARDHAMAN,1926,BARABANI,192602,CLU1920784,CHARANPUR HATTALA F.P. SCHOOL,19260204301,1,1,0,0,0,0,0,0,0,0,0,0,0,0,7,6,0,13,2,4,0,6,2,5,0,7,7,3,0,10,0,0,0,0,0,0,0,0,0,0,0,0,0,0,0,0,0,0,0,0,0,0,0,0,0,0,0,0,0,0,0,0,18,18,0,36
PASCHIM BARDHAMAN,1926,BARABANI,192602,CLU1922530,CHHOTKAR F.P. SCHOOL,19260205301,1,1,0,0,0,0,0,0,0,0,1,0,0,1,9,3,0,12,12,4,0,16,12,8,0,20,9,6,0,15,12,8,0,20,0,0,0,0,0,0,0,0,0,0,0,0,0,0,0,0,0,0,0,0,0,0,0,0,0,0,0,0,55,29,0,84
PASCHIM BARDHAMAN,1926,BARABANI,192602,CLU1920860,CHINCHURIA F.P. SCHOOL,19260208402,1,1,0,0,0,0,0,0,0,0,8,5,0,13,10,6,0,16,11,10,0,21,10,5,0,15,10,8,0,18,7,5,0,12,0,0,0,0,0,0,0,0,0,0,0,0,0,0,0,0,0,0,0,0,0,0,0,0,0,0,0,0,56,39,0,95
PASCHIM BARDHAMAN,1926,BARABANI,192602,CLU1920860,CHINCHURIA MURCHA ADIBASI SSK,19260208502,12,1,0,0,0,0,0,0,0,0,0,0,0,0,0,0,0,0,0,0,0,0,0,0,0,0,0,0,0,0,0,0,0,0,0,0,0,0,0,0,0,0,0,0,0,0,0,0,0,0,0,0,0,0,0,0,0,0,0,0,0,0,0,0,0,0
PASCHIM BARDHAMAN,1926,BARABANI,192602,CLU1922530,DASKEARI JUNIOR HIGH SCHOOL,19260205202,1,4,0,0,0,0,0,0,0,0,0,0,0,0,0,0,0,0,0,0,0,0,0,0,0,0,0,0,0,0,0,0,0,0,29,37,0,66,34,40,0,74,30,46,0,76,0,0,0,0,0,0,0,0,0,0,0,0,0,0,0,0,93,123,0,216
PASCHIM BARDHAMAN,1926,BARABANI,192602,CLU1922530,DASKEYARI BAURIPARA SSK,19260206702,12,1,0,0,0,0,0,0,0,0,0,0,0,0,3,0,0,3,1,0,0,1,5,0,0,5,7,2,0,9,0,0,0,0,0,0,0,0,0,0,0,0,0,0,0,0,0,0,0,0,0,0,0,0,0,0,0,0,0,0,0,0,16,2,0,18
PASCHIM BARDHAMAN,1926,BARABANI,192602,CLU1922530,DASKEYARI F.P. SCHOOL,19260205201,1,1,0,0,0,0,0,0,0,0,0,0,0,0,15,12,0,27,14,17,0,31,5,17,0,22,20,16,0,36,24,11,0,35,0,0,0,0,0,0,0,0,0,0,0,0,0,0,0,0,0,0,0,0,0,0,0,0,0,0,0,0,78,73,0,151
PASCHIM BARDHAMAN,1926,BARABANI,192602,CLU1922530,DIGHAL PAHARI F.P. SCHOOL,19260205705,1,1,0,0,0,0,0,0,0,0,9,4,0,13,7,7,0,14,4,8,0,12,4,5,0,9,8,2,0,10,0,0,0,0,0,0,0,0,0,0,0,0,0,0,0,0,0,0,0,0,0,0,0,0,0,0,0,0,0,0,0,0,32,26,0,58
PASCHIM BARDHAMAN,1926,BARABANI,192602,CLU1920784,DOMOHANI BAZAR HINDI F.P.SCHOOL,19260204203,1,1,0,0,0,0,0,0,0,0,7,14,0,21,23,9,0,32,18,13,0,31,20,19,0,39,24,23,0,47,20,26,0,46,0,0,0,0,0,0,0,0,0,0,0,0,0,0,0,0,0,0,0,0,0,0,0,0,0,0,0,0,112,104,0,216
PASCHIM BARDHAMAN,1926,BARABANI,192602,CLU1920784,DOMOHANI BAZAR URDU F P SCHOOL,19260204205,1,1,0,0,0,0,0,0,0,0,2,3,0,5,4,4,0,8,1,1,0,2,1,2,0,3,2,4,0,6,0,0,0,0,0,0,0,0,0,0,0,0,0,0,0,0,0,0,0,0,0,0,0,0,0,0,0,0,0,0,0,0,10,14,0,24
PASCHIM BARDHAMAN,1926,BARABANI,192602,CLU1920784,DOMOHANI CHATI F.P. SCHOOL,19260203902,1,1,0,0,0,0,0,0,0,0,4,8,0,12,12,12,0,24,25,18,0,43,20,21,0,41,27,11,0,38,3,3,0,6,0,0,0,0,0,0,0,0,0,0,0,0,0,0,0,0,0,0,0,0,0,0,0,0,0,0,0,0,91,73,0,164
PASCHIM BARDHAMAN,1926,BARABANI,192602,CLU1920784,DOMOHANI GRAM F.P. SCHOOL,19260203402,1,1,0,0,0,0,0,0,0,0,17,19,0,36,21,18,0,39,20,21,0,41,16,18,0,34,17,21,0,38,1,1,0,2,0,0,0,0,0,0,0,0,0,0,0,0,0,0,0,0,0,0,0,0,0,0,0,0,0,0,0,0,92,98,0,190
PASCHIM BARDHAMAN,1926,BARABANI,192602,CLU1920784,DOMOHANI HINDI UP SCHOOL,19260204204,1,4,0,0,0,0,0,0,0,0,0,0,0,0,0,0,0,0,0,0,0,0,0,0,0,0,0,0,0,0,0,0,0,0,20,12,0,32,28,35,0,63,22,24,0,46,0,0,0,0,0,0,0,0,0,0,0,0,0,0,0,0,70,71,0,141
PASCHIM BARDHAMAN,1926,BARABANI,192602,CLU1920784,DOMOHANI KELEJORA GIRLS' HIGH SCHOOL,19260204201,15,5,0,0,0,0,0,0,0,0,0,0,0,0,0,0,0,0,0,0,0,0,0,0,0,0,0,0,0,0,0,101,0,101,0,193,0,193,0,205,0,205,0,238,0,238,0,537,0,537,0,443,0,443,0,107,0,107,0,291,0,291,0,2115,0,2115
PASCHIM BARDHAMAN,1926,BARABANI,192602,CLU1920784,DOMOHANI KELEJORA HIGH SCHOOL(H.S),19260203401,15,5,0,0,0,0,0,0,0,0,0,0,0,0,0,0,0,0,0,0,0,0,0,0,0,0,0,0,0,0,80,0,0,80,203,0,0,203,213,0,0,213,226,0,0,226,247,0,0,247,295,0,0,295,155,19,0,174,285,24,0,309,1704,43,0,1747
PASCHIM BARDHAMAN,1926,BARABANI,192602,CLU1920784,DOMOHANI PUBLIC SCHOOL,19260203403,5,1,0,0,0,0,0,0,0,0,0,0,0,0,0,0,0,0,0,0,0,0,0,0,0,0,0,0,0,0,0,0,0,0,0,0,0,0,0,0,0,0,0,0,0,0,0,0,0,0,0,0,0,0,0,0,0,0,0,0,0,0,0,0,0,0
PASCHIM BARDHAMAN,1926,BARABANI,192602,CLU1920784,FARIDPUR F.P. SCHOOL,19260203701,1,1,0,0,0,0,0,0,0,0,4,10,0,14,13,6,0,19,8,4,0,12,7,4,0,11,6,6,0,12,0,0,0,0,0,0,0,0,0,0,0,0,0,0,0,0,0,0,0,0,0,0,0,0,0,0,0,0,0,0,0,0,38,30,0,68
PASCHIM BARDHAMAN,1926,BARABANI,192602,CLU1920799,GNANODAY F.P. SCHOOL,19260202605,1,1,0,0,0,0,0,0,0,0,0,0,0,0,7,7,0,14,15,10,0,25,3,6,0,9,5,10,0,15,9,9,0,18,0,0,0,0,0,0,0,0,0,0,0,0,0,0,0,0,0,0,0,0,0,0,0,0,0,0,0,0,39,42,0,81
PASCHIM BARDHAMAN,1926,BARABANI,192602,CLU1920784,GOPALBAID ADIBASI F.P. SCHOOL,19260203601,1,1,0,0,0,0,0,0,0,0,7,3,0,10,8,4,0,12,6,3,0,9,3,3,0,6,1,2,0,3,0,0,0,0,0,0,0,0,0,0,0,0,0,0,0,0,0,0,0,0,0,0,0,0,0,0,0,0,0,0,0,0,25,15,0,40
PASCHIM BARDHAMAN,1926,BARABANI,192602,CLU1922530,GOURANDI PUBLIC SCHOOL,19260205707,5,1,0,0,0,0,0,0,0,0,3,3,0,6,2,4,0,6,1,0,0,1,5,7,0,12,5,5,0,10,2,3,0,5,0,0,0,0,0,0,0,0,0,0,0,0,0,0,0,0,0,0,0,0,0,0,0,0,0,0,0,0,18,22,0,40
PASCHIM BARDHAMAN,1926,BARABANI,192602,CLU1922530,GOURANGDI BAZAR F.P. SCHOOL,19260205704,1,1,0,0,0,0,0,0,0,0,27,20,0,47,23,30,0,53,27,30,0,57,22,22,0,44,28,28,0,56,18,27,0,45,0,0,0,0,0,0,0,0,0,0,0,0,0,0,0,0,0,0,0,0,0,0,0,0,0,0,0,0,145,157,0,302
PASCHIM BARDHAMAN,1926,BARABANI,192602,CLU1922530,GOURANGDI R.K.S. INSTITUTION,19260204804,15,5,0,0,0,0,0,0,0,0,0,0,0,0,0,0,0,0,0,0,0,0,0,0,0,0,0,0,0,0,44,0,0,44,104,89,0,193,144,119,0,263,174,164,0,338,415,348,0,763,233,320,0,553,100,91,0,191,138,189,0,327,1352,1320,0,2672
PASCHIM BARDHAMAN,1926,BARABANI,192602,CLU1922530,HOSSAINPUR JR HIGH SCHOOL,19260204806,1,4,0,0,0,0,0,0,0,0,0,0,0,0,0,0,0,0,0,0,0,0,0,0,0,0,0,0,0,0,0,0,0,0,12,16,0,28,14,7,0,21,18,10,0,28,0,0,0,0,0,0,0,0,0,0,0,0,0,0,0,0,44,33,0,77
PASCHIM BARDHAMAN,1926,BARABANI,192602,CLU1922530,HOSSENPUR F.P. SCHOOL,19260204803,1,1,0,0,0,0,0,0,0,0,10,5,0,15,5,5,0,10,3,5,0,8,5,7,0,12,7,13,0,20,10,7,0,17,0,0,0,0,0,0,0,0,0,0,0,0,0,0,0,0,0,0,0,0,0,0,0,0,0,0,0,0,40,42,0,82
PASCHIM BARDHAMAN,1926,BARABANI,192602,CLU1922531,ITAPARA F.P. SCHOOL,19260207905,1,1,0,0,0,0,0,0,0,0,0,0,0,0,5,10,0,15,9,9,0,18,14,21,0,35,15,5,0,20,14,12,0,26,0,0,0,0,0,0,0,0,0,0,0,0,0,0,0,0,0,0,0,0,0,0,0,0,0,0,0,0,57,57,0,114
PASCHIM BARDHAMAN,1926,BARABANI,192602,CLU1922531,ITAPARA UP SCHOOL,19260207907,1,4,0,0,0,0,0,0,0,0,0,0,0,0,0,0,0,0,0,0,0,0,0,0,0,0,0,0,0,0,0,0,0,0,10,9,0,19,20,13,0,33,10,10,0,20,0,0,0,0,0,0,0,0,0,0,0,0,0,0,0,0,40,32,0,72
PASCHIM BARDHAMAN,1926,BARABANI,192602,CLU1920815,JAMGRAM ANCHALIK HIGH SCHOOL (H.S.),19260201703,15,5,0,0,0,0,0,0,0,0,0,0,0,0,0,0,0,0,0,0,0,0,0,0,0,0,0,0,0,0,0,0,0,0,52,41,0,93,67,58,0,125,66,63,0,129,120,118,0,238,130,167,0,297,25,49,0,74,56,90,0,146,516,586,0,1102
PASCHIM BARDHAMAN,1926,BARABANI,192602,CLU1920815,JAMGRAM R.B.F.P. SCHOOL,19260201802,1,1,0,0,0,0,0,0,0,0,17,12,0,29,11,10,0,21,13,5,0,18,8,14,0,22,16,7,0,23,0,0,0,0,0,0,0,0,0,0,0,0,0,0,0,0,0,0,0,0,0,0,0,0,0,0,0,0,0,0,0,0,65,48,0,113
PASCHIM BARDHAMAN,1926,BARABANI,192602,CLU1920815,JAMGRAM UTTAR F.P. SCHOOL,19260201702,1,1,0,0,0,0,0,0,0,0,5,9,0,14,14,12,0,26,9,6,0,15,11,12,0,23,11,11,0,22,7,15,0,22,0,0,0,0,0,0,0,0,0,0,0,0,0,0,0,0,0,0,0,0,0,0,0,0,0,0,0,0,57,65,0,122
PASCHIM BARDHAMAN,1926,BARABANI,192602,CLU1920815,JAMJURIA F.P. SCHOOL,19260202001,1,1,0,0,0,0,0,0,0,0,3,3,0,6,6,3,0,9,4,7,0,11,4,2,0,6,2,4,0,6,0,0,0,0,0,0,0,0,0,0,0,0,0,0,0,0,0,0,0,0,0,0,0,0,0,0,0,0,0,0,0,0,19,19,0,38
PASCHIM BARDHAMAN,1926,BARABANI,192602,CLU1920860,JANARDAN SAYER F.P. SCHOOL,19260208301,1,1,0,0,0,0,0,0,0,0,0,0,0,0,1,2,0,3,1,0,0,1,3,1,0,4,2,0,0,2,0,0,0,0,0,0,0,0,0,0,0,0,0,0,0,0,0,0,0,0,0,0,0,0,0,0,0,0,0,0,0,0,7,3,0,10
PASCHIM BARDHAMAN,1926,BARABANI,192602,CLU1920830,JOYRAMDANGA F.P. SCHOOL,19260200102,1,1,0,0,0,0,0,0,0,0,9,16,0,25,15,13,0,28,12,11,0,23,14,15,0,29,12,12,0,24,0,0,0,0,0,0,0,0,0,0,0,0,0,0,0,0,0,0,0,0,0,0,0,0,0,0,0,0,0,0,0,0,62,67,0,129
PASCHIM BARDHAMAN,1926,BARABANI,192602,CLU1920830,JOYRAMDANGA JR. HIGH SCHOOL,19260200104,1,4,0,0,0,0,0,0,0,0,0,0,0,0,0,0,0,0,0,0,0,0,0,0,0,0,0,0,0,0,12,7,0,19,24,14,0,38,14,10,0,24,8,13,0,21,0,0,0,0,0,0,0,0,0,0,0,0,0,0,0,0,58,44,0,102
PASCHIM BARDHAMAN,1926,BARABANI,192602,CLU1920860,KALIDASDHOWRA F.P. SCHOOL,19260208401,1,1,0,0,0,0,0,0,0,0,4,4,0,8,3,3,0,6,1,1,0,2,6,4,0,10,4,2,0,6,0,0,0,0,0,0,0,0,0,0,0,0,0,0,0,0,0,0,0,0,0,0,0,0,0,0,0,0,0,0,0,0,18,14,0,32
PASCHIM BARDHAMAN,1926,BARABANI,192602,CLU1920815,KALIKAMALI SSK,19260201704,12,1,0,0,0,0,0,0,0,0,0,0,0,0,0,0,0,0,0,0,0,0,0,0,0,0,0,0,0,0,0,0,0,0,0,0,0,0,0,0,0,0,0,0,0,0,0,0,0,0,0,0,0,0,0,0,0,0,0,0,0,0,0,0,0,0
PASCHIM BARDHAMAN,1926,BARABANI,192602,CLU1922530,KANSHKULI F.P. SCHOOL,19260205502,1,1,0,0,0,0,0,0,0,0,8,3,0,11,10,6,0,16,4,11,0,15,9,7,0,16,12,13,0,25,13,7,0,20,0,0,0,0,0,0,0,0,0,0,0,0,0,0,0,0,0,0,0,0,0,0,0,0,0,0,0,0,56,47,0,103
PASCHIM BARDHAMAN,1926,BARABANI,192602,CLU1920815,KANTAPAHARI F.P. SCHOOL,19260201901,1,1,0,0,0,0,0,0,0,0,15,6,0,21,6,12,0,18,8,11,0,19,6,4,0,10,6,8,0,14,5,16,0,21,0,0,0,0,0,0,0,0,0,0,0,0,0,0,0,0,0,0,0,0,0,0,0,0,0,0,0,0,46,57,0,103
PASCHIM BARDHAMAN,1926,BARABANI,192602,CLU1920815,KAPISTA F.P. SCHOOL,19260202102,1,1,0,0,0,0,0,0,0,0,5,8,0,13,11,4,0,15,6,5,0,11,10,7,0,17,9,7,0,16,1,2,0,3,0,0,0,0,0,0,0,0,0,0,0,0,0,0,0,0,0,0,0,0,0,0,0,0,0,0,0,0,42,33,0,75
PASCHIM BARDHAMAN,1926,BARABANI,192602,CLU1920815,KAPISTA KORAPARA SSK,19260202103,12,1,0,0,0,0,0,0,0,0,0,0,0,0,2,2,0,4,0,3,0,3,0,1,0,1,4,5,0,9,0,0,0,0,0,0,0,0,0,0,0,0,0,0,0,0,0,0,0,0,0,0,0,0,0,0,0,0,0,0,0,0,6,11,0,17
PASCHIM BARDHAMAN,1926,BARABANI,192602,CLU1920784,KASHIDANGA F.P. SCHOOL,19260203801,1,1,0,0,0,0,0,0,0,0,9,10,0,19,10,16,0,26,10,8,0,18,12,9,0,21,12,12,0,24,14,7,0,21,0,0,0,0,0,0,0,0,0,0,0,0,0,0,0,0,0,0,0,0,0,0,0,0,0,0,0,0,67,62,0,129
PASCHIM BARDHAMAN,1926,BARABANI,192602,CLU1920835,KATANDANGA SSK,19260206602,12,1,0,0,0,0,0,0,0,0,2,3,0,5,3,10,0,13,3,5,0,8,2,2,0,4,3,6,0,9,0,0,0,0,0,0,0,0,0,0,0,0,0,0,0,0,0,0,0,0,0,0,0,0,0,0,0,0,0,0,0,0,13,26,0,39
PASCHIM BARDHAMAN,1926,BARABANI,192602,CLU1920835,KELEJORA BAURIPARA SSK,19260206401,12,1,0,0,0,0,0,0,0,0,4,1,0,5,5,5,0,10,4,0,0,4,8,2,0,10,4,2,0,6,0,0,0,0,0,0,0,0,0,0,0,0,0,0,0,0,0,0,0,0,0,0,0,0,0,0,0,0,0,0,0,0,25,10,0,35
PASCHIM BARDHAMAN,1926,BARABANI,192602,CLU1920835,KELEJORA F.P. SCHOOL,19260206501,1,1,0,0,0,0,0,0,0,0,10,21,0,31,6,3,0,9,12,15,0,27,13,13,0,26,18,10,0,28,10,15,0,25,0,0,0,0,0,0,0,0,0,0,0,0,0,0,0,0,0,0,0,0,0,0,0,0,0,0,0,0,69,77,0,146
PASCHIM BARDHAMAN,1926,BARABANI,192602,CLU1922531,KENJIA F.P. SCHOOL,19260207401,1,1,0,0,0,0,0,0,0,0,3,3,0,6,4,3,0,7,4,2,0,6,4,3,0,7,3,5,0,8,0,0,0,0,0,0,0,0,0,0,0,0,0,0,0,0,0,0,0,0,0,0,0,0,0,0,0,0,0,0,0,0,18,16,0,34
PASCHIM BARDHAMAN,1926,BARABANI,192602,CLU1920815,KHORABAR F.P. SCHOOL,19260201601,1,1,0,0,0,0,0,0,0,0,0,0,0,0,18,4,0,22,10,18,0,28,11,16,0,27,16,13,0,29,0,0,0,0,0,0,0,0,0,0,0,0,0,0,0,0,0,0,0,0,0,0,0,0,0,0,0,0,0,0,0,0,55,51,0,106
PASCHIM BARDHAMAN,1926,BARABANI,192602,CLU1920835,KHOSNAGAR F.P. SCHOOL,19260206301,1,1,0,0,0,0,0,0,0,0,12,13,0,25,17,15,0,32,16,13,0,29,14,11,0,25,15,17,0,32,0,0,0,0,0,0,0,0,0,0,0,0,0,0,0,0,0,0,0,0,0,0,0,0,0,0,0,0,0,0,0,0,74,69,0,143
PASCHIM BARDHAMAN,1926,BARABANI,192602,CLU1920830,LAKHANDHAWRA SSK,19260200701,12,1,0,0,0,0,0,0,0,0,0,0,0,0,0,0,0,0,1,1,0,2,3,1,0,4,6,2,0,8,0,0,0,0,0,0,0,0,0,0,0,0,0,0,0,0,0,0,0,0,0,0,0,0,0,0,0,0,0,0,0,0,10,4,0,14
PASCHIM BARDHAMAN,1926,BARABANI,192602,CLU1920860,LALGANJ F.P. SCHOOL,19260208201,1,1,0,0,0,0,0,0,0,0,11,11,0,22,10,15,0,25,18,7,0,25,19,9,0,28,13,10,0,23,17,2,0,19,0,0,0,0,0,0,0,0,0,0,0,0,0,0,0,0,0,0,0,0,0,0,0,0,0,0,0,0,88,54,0,142
PASCHIM BARDHAMAN,1926,BARABANI,192602,CLU1920830,MADAN MOHANPUR F.P. SCHOOL,19260200803,1,1,0,0,0,0,0,0,0,0,3,10,0,13,5,3,0,8,3,4,0,7,6,4,0,10,8,5,0,13,0,0,0,0,0,0,0,0,0,0,0,0,0,0,0,0,0,0,0,0,0,0,0,0,0,0,0,0,0,0,0,0,25,26,0,51
PASCHIM BARDHAMAN,1926,BARABANI,192602,CLU1920835,MADANPUR F.P. SCHOOL,19260206101,1,1,0,0,0,0,0,0,0,0,27,26,0,53,31,42,0,73,12,32,0,44,23,24,0,47,30,34,0,64,41,27,0,68,0,0,0,0,0,0,0,0,0,0,0,0,0,0,0,0,0,0,0,0,0,0,0,0,0,0,0,0,164,185,0,349
PASCHIM BARDHAMAN,1926,BARABANI,192602,CLU1920835,MADANPUR HIGH SCHOOL,19260206202,15,7,0,0,0,0,0,0,0,0,0,0,0,0,0,0,0,0,0,0,0,0,0,0,0,0,0,0,0,0,0,0,0,0,39,28,0,67,48,41,0,89,51,29,0,80,103,40,0,143,69,72,0,141,0,0,0,0,0,0,0,0,310,210,0,520
PASCHIM BARDHAMAN,1926,BARABANI,192602,CLU1920860,MAHADEV HANSDA SSK,19260208902,12,1,0,0,0,0,0,0,0,0,2,0,0,2,3,5,0,8,5,3,0,8,7,3,0,10,4,0,0,4,0,0,0,0,0,0,0,0,0,0,0,0,0,0,0,0,0,0,0,0,0,0,0,0,0,0,0,0,0,0,0,0,21,11,0,32
PASCHIM BARDHAMAN,1926,BARABANI,192602,CLU1920830,MAJIARA F.P. SCHOOL,19260200805,1,1,0,0,0,0,0,0,0,0,17,11,0,28,16,16,0,32,11,13,0,24,10,14,0,24,8,15,0,23,14,8,0,22,0,0,0,0,0,0,0,0,0,0,0,0,0,0,0,0,0,0,0,0,0,0,0,0,0,0,0,0,76,77,0,153
PASCHIM BARDHAMAN,1926,BARABANI,192602,CLU1920830,MAJIARAH HIGH SCHOOL,19260201202,15,7,0,0,0,0,0,0,0,0,0,0,0,0,0,0,0,0,0,0,0,0,0,0,0,0,0,0,0,0,7,0,0,7,9,3,0,12,9,4,0,13,17,10,0,27,32,12,0,44,34,19,0,53,0,0,0,0,0,0,0,0,108,48,0,156
PASCHIM BARDHAMAN,1926,BARABANI,192602,CLU1922530,MEGHANDIH SSK,19260204904,12,1,0,0,0,0,0,0,0,0,0,0,0,0,2,3,0,5,9,8,0,17,7,7,0,14,3,9,0,12,0,0,0,0,0,0,0,0,0,0,0,0,0,0,0,0,0,0,0,0,0,0,0,0,0,0,0,0,0,0,0,0,21,27,0,48
PASCHIM BARDHAMAN,1926,BARABANI,192602,CLU1922530,METELA KHAYERKANALI F.P. SCHOOL,19260204701,1,1,0,0,0,0,0,0,0,0,5,2,0,7,7,6,0,13,5,3,0,8,5,5,0,10,6,4,0,10,5,5,0,10,0,0,0,0,0,0,0,0,0,0,0,0,0,0,0,0,0,0,0,0,0,0,0,0,0,0,0,0,33,25,0,58
PASCHIM BARDHAMAN,1926,BARABANI,192602,CLU1922530,MIRJAPUR HUCHUKPARA SSK,19260204905,12,1,0,0,0,0,0,0,0,0,0,0,0,0,6,3,0,9,4,4,0,8,1,6,0,7,4,0,0,4,0,0,0,0,0,0,0,0,0,0,0,0,0,0,0,0,0,0,0,0,0,0,0,0,0,0,0,0,0,0,0,0,15,13,0,28
PASCHIM BARDHAMAN,1926,BARABANI,192602,CLU1922530,MONDIRA F.P. SCHOOL,19260205002,1,1,0,0,0,0,0,0,0,0,5,2,0,7,5,3,0,8,0,4,0,4,6,3,0,9,1,1,0,2,0,0,0,0,0,0,0,0,0,0,0,0,0,0,0,0,0,0,0,0,0,0,0,0,0,0,0,0,0,0,0,0,17,13,0,30
PASCHIM BARDHAMAN,1926,BARABANI,192602,CLU1920835,MONIDANGA SSK,19260207005,12,1,0,0,0,0,0,0,0,0,5,4,0,9,1,4,0,5,2,3,0,5,5,4,0,9,2,1,0,3,0,0,0,0,0,0,0,0,0,0,0,0,0,0,0,0,0,0,0,0,0,0,0,0,0,0,0,0,0,0,0,0,15,16,0,31
PASCHIM BARDHAMAN,1926,BARABANI,192602,CLU1920860,MONOHAR BAHAL F.P. SCHOOL,19260208901,1,1,0,0,0,0,0,0,0,0,7,4,0,11,10,6,0,16,4,10,0,14,7,10,0,17,9,10,0,19,0,0,0,0,0,0,0,0,0,0,0,0,0,0,0,0,0,0,0,0,0,0,0,0,0,0,0,0,0,0,0,0,37,40,0,77
PASCHIM BARDHAMAN,1926,BARABANI,192602,CLU1920860,MRITUNJAY RAY SCHOOL,19260208903,5,6,0,0,0,0,0,0,0,0,50,29,0,79,15,15,0,30,9,9,0,18,11,9,0,20,6,3,0,9,10,5,0,15,12,3,0,15,10,6,0,16,10,5,0,15,6,3,0,9,7,7,0,14,0,0,0,0,0,0,0,0,146,94,0,240
PASCHIM BARDHAMAN,1926,BARABANI,192602,CLU1920835,NA PARA F.P. SCHOOL,19260207004,1,1,0,0,0,0,0,0,0,0,3,5,0,8,6,6,0,12,5,4,0,9,9,4,0,13,2,3,0,5,0,0,0,0,0,0,0,0,0,0,0,0,0,0,0,0,0,0,0,0,0,0,0,0,0,0,0,0,0,0,0,0,25,22,0,47
PASCHIM BARDHAMAN,1926,BARABANI,192602,CLU1920860,NAKTI KANYAPUR F.P. SCHOOL,19260208801,1,1,0,0,0,0,0,0,0,0,3,2,0,5,8,4,0,12,4,2,0,6,1,1,0,2,3,5,0,8,0,0,0,0,0,0,0,0,0,0,0,0,0,0,0,0,0,0,0,0,0,0,0,0,0,0,0,0,0,0,0,0,19,14,0,33
PASCHIM BARDHAMAN,1926,BARABANI,192602,CLU1922531,NANDAI F.P. SCHOOL,19260207301,1,1,0,0,0,0,0,0,0,0,4,5,0,9,5,8,0,13,7,3,0,10,9,9,0,18,9,8,0,17,0,0,0,0,0,0,0,0,0,0,0,0,0,0,0,0,0,0,0,0,0,0,0,0,0,0,0,0,0,0,0,0,34,33,0,67
PASCHIM BARDHAMAN,1926,BARABANI,192602,CLU1920815,NARAYANPUR F.P. SCHOOL,19260202002,1,1,0,0,0,0,0,0,0,0,1,3,0,4,8,3,0,11,2,5,0,7,6,2,0,8,8,5,0,13,0,0,0,0,0,0,0,0,0,0,0,0,0,0,0,0,0,0,0,0,0,0,0,0,0,0,0,0,0,0,0,0,25,18,0,43
PASCHIM BARDHAMAN,1926,BARABANI,192602,CLU1920799,NEEM DHAWRAH SANTALPARA SSK,19260202606,12,1,0,0,0,0,0,0,0,0,1,1,0,2,0,4,0,4,2,2,0,4,2,3,0,5,3,0,0,3,0,0,0,0,0,0,0,0,0,0,0,0,0,0,0,0,0,0,0,0,0,0,0,0,0,0,0,0,0,0,0,0,8,10,0,18
PASCHIM BARDHAMAN,1926,BARABANI,192602,CLU1920860,NUNI F.P. SCHOOL,19260208601,1,1,0,0,0,0,0,0,0,0,11,7,0,18,11,11,0,22,14,7,0,21,9,14,0,23,7,11,0,18,11,7,0,18,0,0,0,0,0,0,0,0,0,0,0,0,0,0,0,0,0,0,0,0,0,0,0,0,0,0,0,0,63,57,0,120
PASCHIM BARDHAMAN,1926,BARABANI,192602,CLU1920860,NUNI UP SCHOOL,19260208602,1,4,0,0,0,0,0,0,0,0,0,0,0,0,0,0,0,0,0,0,0,0,0,0,0,0,0,0,0,0,2,1,0,3,13,10,0,23,16,18,0,34,11,14,0,25,0,0,0,0,0,0,0,0,0,0,0,0,0,0,0,0,42,43,0,85
PASCHIM BARDHAMAN,1926,BARABANI,192602,CLU1920835,NUTANDIHI F.P. SCHOOL,19260206701,1,1,0,0,0,0,0,0,0,0,4,3,0,7,8,3,0,11,9,2,0,11,8,7,0,15,4,10,0,14,0,0,0,0,0,0,0,0,0,0,0,0,0,0,0,0,0,0,0,0,0,0,0,0,0,0,0,0,0,0,0,0,33,25,0,58
PASCHIM BARDHAMAN,1926,BARABANI,192602,CLU1920799,P.M. KAMALA GIRLS' HIGH SCHOOL,19260202501,15,5,0,0,0,0,0,0,0,0,0,0,0,0,0,0,0,0,0,0,0,0,0,0,0,0,0,0,0,0,0,0,0,0,0,78,0,78,0,108,0,108,0,130,0,130,0,141,0,141,0,137,0,137,0,69,0,69,0,87,0,87,0,750,0,750
PASCHIM BARDHAMAN,1926,BARABANI,192602,CLU1920830,PAHARBERA F.P. SCHOOL,19260200902,1,1,0,0,0,0,0,0,0,0,0,0,0,0,6,7,0,13,9,11,0,20,6,7,0,13,6,4,0,10,4,4,0,8,0,0,0,0,0,0,0,0,0,0,0,0,0,0,0,0,0,0,0,0,0,0,0,0,0,0,0,0,31,33,0,64
PASCHIM BARDHAMAN,1926,BARABANI,192602,CLU1920799,PANCHGACHIA ADARSHA HINDI F.P.,19260202803,1,1,0,0,0,0,0,0,0,0,6,9,0,15,11,14,0,25,16,10,0,26,25,35,0,60,20,25,0,45,33,33,0,66,0,0,0,0,0,0,0,0,0,0,0,0,0,0,0,0,0,0,0,0,0,0,0,0,0,0,0,0,111,126,0,237
PASCHIM BARDHAMAN,1926,BARABANI,192602,CLU1920799,PANCHGACHIA ADARSHA HINDI HIGH,19260202602,15,5,0,0,0,0,0,0,0,0,0,0,0,0,0,0,0,0,0,0,0,0,0,0,0,0,0,0,0,0,0,0,0,0,44,34,0,78,34,42,0,76,50,40,0,90,69,52,1,122,62,43,0,105,32,30,0,62,26,35,0,61,317,276,1,594
PASCHIM BARDHAMAN,1926,BARABANI,192602,CLU1920799,PANCHGACHIA M.V. VIDYAYATAN,19260202502,15,5,0,0,0,0,0,0,0,0,0,0,0,0,0,0,0,0,0,0,0,0,0,0,0,0,0,0,0,0,57,0,0,57,100,0,0,100,117,0,0,117,129,0,0,129,233,0,0,233,178,0,0,178,62,0,0,62,90,0,0,90,966,0,0,966
PASCHIM BARDHAMAN,1926,BARABANI,192602,CLU1920799,PANCHGACHIA VIVEKANANDA F.P.SCHOOL,19260203001,1,1,0,0,0,0,0,0,0,0,0,0,0,0,7,5,0,12,7,8,0,15,11,9,0,20,8,13,0,21,0,0,0,0,0,0,0,0,0,0,0,0,0,0,0,0,0,0,0,0,0,0,0,0,0,0,0,0,0,0,0,0,33,35,0,68
PASCHIM BARDHAMAN,1926,BARABANI,192602,CLU1920835,PANIFALA F.P. SCHOOL,19260207003,1,1,0,0,0,0,0,0,0,0,4,1,0,5,6,5,0,11,1,3,0,4,4,3,0,7,2,4,0,6,0,0,0,0,0,0,0,0,0,0,0,0,0,0,0,0,0,0,0,0,0,0,0,0,0,0,0,0,0,0,0,0,17,16,0,33
PASCHIM BARDHAMAN,1926,BARABANI,192602,CLU1922530,PANURIA A.L.F.P. SCHOOL,19260205701,1,1,0,0,0,0,0,0,0,0,11,11,0,22,14,7,0,21,12,13,0,25,11,5,0,16,7,10,0,17,15,9,0,24,0,0,0,0,0,0,0,0,0,0,0,0,0,0,0,0,0,0,0,0,0,0,0,0,0,0,0,0,70,55,0,125
PASCHIM BARDHAMAN,1926,BARABANI,192602,CLU1922530,PANURIA HATTALA SSK,19260205503,12,1,0,0,0,0,0,0,0,0,0,0,0,0,10,10,0,20,13,17,0,30,10,14,0,24,15,9,0,24,0,0,0,0,0,0,0,0,0,0,0,0,0,0,0,0,0,0,0,0,0,0,0,0,0,0,0,0,0,0,0,0,48,50,0,98
PASCHIM BARDHAMAN,1926,BARABANI,192602,CLU1922530,PANURIA HATTOLA URDU F.P. SCHOL,19260205703,1,1,0,0,0,0,0,0,0,0,0,0,0,0,3,2,0,5,6,4,0,10,1,2,0,3,4,3,0,7,5,1,0,6,0,0,0,0,0,0,0,0,0,0,0,0,0,0,0,0,0,0,0,0,0,0,0,0,0,0,0,0,19,12,0,31
PASCHIM BARDHAMAN,1926,BARABANI,192602,CLU1922530,PANURIA HATTOLA URDU JR. HIGH SCHOOL,19260205801,1,4,0,0,0,0,0,0,0,0,0,0,0,0,0,0,0,0,0,0,0,0,0,0,0,0,0,0,0,0,0,0,0,0,0,0,0,0,0,0,0,0,0,0,0,0,0,0,0,0,0,0,0,0,0,0,0,0,0,0,0,0,0,0,0,0
PASCHIM BARDHAMAN,1926,BARABANI,192602,CLU1922530,PANURIA RUIDASPARA SSK,19260205706,12,1,0,0,0,0,0,0,0,0,0,0,0,0,2,1,0,3,1,1,0,2,5,0,0,5,0,2,0,2,0,0,0,0,0,0,0,0,0,0,0,0,0,0,0,0,0,0,0,0,0,0,0,0,0,0,0,0,0,0,0,0,8,4,0,12
PASCHIM BARDHAMAN,1926,BARABANI,192602,CLU1920830,PARIRA F.P. SCHOOL,19260200804,1,1,0,0,0,0,0,0,0,0,9,5,0,14,6,8,0,14,4,3,0,7,13,4,0,17,7,6,0,13,0,0,0,0,0,0,0,0,0,0,0,0,0,0,0,0,0,0,0,0,0,0,0,0,0,0,0,0,0,0,0,0,39,26,0,65
PASCHIM BARDHAMAN,1926,BARABANI,192602,CLU1922530,PARUL BERIA F.P. SCHOOL,19260204702,1,1,0,0,0,0,0,0,0,0,10,13,0,23,9,8,0,17,5,5,0,10,5,8,0,13,7,9,0,16,6,11,0,17,0,0,0,0,0,0,0,0,0,0,0,0,0,0,0,0,0,0,0,0,0,0,0,0,0,0,0,0,42,54,0,96
PASCHIM BARDHAMAN,1926,BARABANI,192602,CLU1920835,PUNCHRA B.M.D.J.S. HIGH SCHOOL,19260207002,15,7,0,0,0,0,0,0,0,0,0,0,0,0,0,0,0,0,0,0,0,0,0,0,0,0,0,0,0,0,13,21,0,34,18,38,0,56,37,40,0,77,33,34,0,67,43,45,0,88,32,35,0,67,0,0,0,0,0,0,0,0,176,213,0,389
PASCHIM BARDHAMAN,1926,BARABANI,192602,CLU1920835,PUNCHRA F.P. SCHOOL,19260207001,1,1,0,0,0,0,0,0,0,0,10,8,0,18,21,25,0,46,14,18,0,32,23,15,0,38,8,16,0,24,7,5,0,12,0,0,0,0,0,0,0,0,0,0,0,0,0,0,0,0,0,0,0,0,0,0,0,0,0,0,0,0,83,87,0,170
PASCHIM BARDHAMAN,1926,BARABANI,192602,CLU1922531,PURATAN CHATTI F.P. SCHOOL,19260207502,1,1,0,0,0,0,0,0,0,0,7,8,0,15,12,8,0,20,12,5,0,17,13,6,0,19,5,4,0,9,0,0,0,0,0,0,0,0,0,0,0,0,0,0,0,0,0,0,0,0,0,0,0,0,0,0,0,0,0,0,0,0,49,31,0,80
PASCHIM BARDHAMAN,1926,BARABANI,192602,CLU1922530,PUTULIA F.P. SCHOOL,19260204801,1,1,0,0,0,0,0,0,0,0,1,7,0,8,2,3,0,5,6,2,0,8,4,2,0,6,1,4,0,5,0,0,0,0,0,0,0,0,0,0,0,0,0,0,0,0,0,0,0,0,0,0,0,0,0,0,0,0,0,0,0,0,14,18,0,32
PASCHIM BARDHAMAN,1926,BARABANI,192602,CLU1920835,RAMPUR F.P. SCHOOL,19260206502,1,1,0,0,0,0,0,0,0,0,10,6,0,16,9,8,0,17,4,6,0,10,9,9,0,18,8,7,0,15,5,4,0,9,0,0,0,0,0,0,0,0,0,0,0,0,0,0,0,0,0,0,0,0,0,0,0,0,0,0,0,0,45,40,0,85
PASCHIM BARDHAMAN,1926,BARABANI,192602,CLU1922531,RANIGANJ CHATTI F.P. SCHOOL,19260207501,1,1,0,0,0,0,0,0,0,0,4,2,0,6,6,2,0,8,6,3,0,9,5,4,0,9,2,3,0,5,0,0,0,0,0,0,0,0,0,0,0,0,0,0,0,0,0,0,0,0,0,0,0,0,0,0,0,0,0,0,0,0,23,14,0,37
PASCHIM BARDHAMAN,1926,BARABANI,192602,CLU1920815,RASUNPUR F.P. SCHOOL,19260201902,1,1,0,0,0,0,0,0,0,0,0,0,0,0,6,9,0,15,7,6,0,13,2,6,0,8,10,11,0,21,0,0,0,0,0,0,0,0,0,0,0,0,0,0,0,0,0,0,0,0,0,0,0,0,0,0,0,0,0,0,0,0,25,32,0,57
PASCHIM BARDHAMAN,1926,BARABANI,192602,CLU1920815,RASUNPUR JR HIGH SCHOOL,19260202106,1,4,0,0,0,0,0,0,0,0,0,0,0,0,0,0,0,0,0,0,0,0,0,0,0,0,0,0,0,0,4,3,0,7,8,10,0,18,12,15,0,27,18,10,0,28,0,0,0,0,0,0,0,0,0,0,0,0,0,0,0,0,42,38,0,80
PASCHIM BARDHAMAN,1926,BARABANI,192602,CLU1922530,ROSHNA F.P. SCHOOL,19260204601,1,1,0,0,0,0,0,0,0,0,1,1,0,2,3,3,0,6,5,5,0,10,2,2,0,4,7,3,0,10,0,0,0,0,0,0,0,0,0,0,0,0,0,0,0,0,0,0,0,0,0,0,0,0,0,0,0,0,0,0,0,0,18,14,0,32
PASCHIM BARDHAMAN,1926,BARABANI,192602,CLU1922530,RUNAKURA F.P. SCHOOL,19260204602,1,1,0,0,0,0,0,0,0,0,3,3,0,6,5,1,0,6,0,0,0,0,1,1,0,2,3,0,0,3,0,0,0,0,0,0,0,0,0,0,0,0,0,0,0,0,0,0,0,0,0,0,0,0,0,0,0,0,0,0,0,0,12,5,0,17
PASCHIM BARDHAMAN,1926,BARABANI,192602,CLU1920784,SARASWATI VIDYAMANDIR ,19260200404,5,2,0,0,0,0,0,0,0,0,0,0,0,0,0,0,0,0,0,0,0,0,0,0,0,0,0,0,0,0,0,0,0,0,0,0,0,0,0,0,0,0,0,0,0,0,0,0,0,0,0,0,0,0,0,0,0,0,0,0,0,0,0,0,0,0
PASCHIM BARDHAMAN,1926,BARABANI,192602,CLU1922530,SATTA F.P. SCHOOL,19260205401,1,1,0,0,0,0,0,0,0,0,5,4,0,9,6,3,0,9,1,7,0,8,0,7,0,7,8,2,0,10,6,6,0,12,0,0,0,0,0,0,0,0,0,0,0,0,0,0,0,0,0,0,0,0,0,0,0,0,0,0,0,0,26,29,0,55
PASCHIM BARDHAMAN,1926,BARABANI,192602,CLU1920860,SETE KANYAPUR F.P. SCHOOL,19260208802,1,1,0,0,0,0,0,0,0,0,0,0,0,0,2,0,0,2,3,7,0,10,2,6,0,8,3,7,0,10,0,0,0,0,0,0,0,0,0,0,0,0,0,0,0,0,0,0,0,0,0,0,0,0,0,0,0,0,0,0,0,0,10,20,0,30
PASCHIM BARDHAMAN,1926,BARABANI,192602,CLU1920815,SHYAMAPUR ADIBASI F.P. SCHOOL,19260202101,1,1,0,0,0,0,0,0,0,0,1,1,0,2,4,1,0,5,1,1,0,2,2,3,0,5,2,2,0,4,0,0,0,0,0,0,0,0,0,0,0,0,0,0,0,0,0,0,0,0,0,0,0,0,0,0,0,0,0,0,0,0,10,8,0,18
PASCHIM BARDHAMAN,1926,BARABANI,192602,CLU1920784,SHYAMSUNDARPUR F.P. SCHOOL,19260203702,1,1,0,0,0,0,0,0,0,0,7,8,0,15,5,2,0,7,10,4,0,14,5,2,0,7,6,6,0,12,10,7,0,17,0,0,0,0,0,0,0,0,0,0,0,0,0,0,0,0,0,0,0,0,0,0,0,0,0,0,0,0,43,29,0,72
PASCHIM BARDHAMAN,1926,BARABANI,192602,CLU1920835,SIDABARI F.P. SCHOOL,19260206801,1,1,0,0,0,0,0,0,0,0,1,5,0,6,9,12,0,21,9,11,0,20,7,4,0,11,10,11,0,21,8,7,0,15,0,0,0,0,0,0,0,0,0,0,0,0,0,0,0,0,0,0,0,0,0,0,0,0,0,0,0,0,44,50,0,94
PASCHIM BARDHAMAN,1926,BARABANI,192602,CLU1920784,SINGHA BAHANI F.P. SCHOOL,19260204303,1,1,0,0,0,0,0,0,0,0,7,9,0,16,11,8,0,19,9,6,0,15,5,5,0,10,5,16,0,21,0,0,0,0,0,0,0,0,0,0,0,0,0,0,0,0,0,0,0,0,0,0,0,0,0,0,0,0,0,0,0,0,37,44,0,81
PASCHIM BARDHAMAN,1926,BARABANI,192602,CLU1920784,SINGHA BAHINI HIGH SCHOOL,19260204503,4,7,0,0,0,0,0,0,0,0,0,0,0,0,0,0,0,0,0,0,0,0,0,0,0,0,0,0,0,0,12,6,0,18,15,12,0,27,9,4,0,13,13,14,0,27,7,8,0,15,0,0,0,0,0,0,0,0,0,0,0,0,56,44,0,100
PASCHIM BARDHAMAN,1926,BARABANI,192602,CLU1920815,SORISATOLI F.P. SCHOOL,19260202003,1,1,0,0,0,0,0,0,0,0,0,0,0,0,4,6,0,10,5,2,0,7,4,2,0,6,6,7,0,13,0,0,0,0,0,0,0,0,0,0,0,0,0,0,0,0,0,0,0,0,0,0,0,0,0,0,0,0,0,0,0,0,19,17,0,36
PASCHIM BARDHAMAN,1926,BARABANI,192602,CLU1920784,STUDY HOME,19260204206,5,1,0,0,0,0,0,0,0,0,2,2,0,4,5,2,0,7,2,0,0,2,3,2,0,5,3,1,0,4,0,0,0,0,0,0,0,0,0,0,0,0,0,0,0,0,0,0,0,0,0,0,0,0,0,0,0,0,0,0,0,0,15,7,0,22
PASCHIM BARDHAMAN,1926,BARABANI,192602,CLU1922531,TALKANALI SSK,19260207302,12,1,0,0,0,0,0,0,0,0,0,0,0,0,0,0,0,0,0,0,0,0,0,0,0,0,0,0,0,0,0,0,0,0,0,0,0,0,0,0,0,0,0,0,0,0,0,0,0,0,0,0,0,0,0,0,0,0,0,0,0,0,0,0,0,0
PASCHIM BARDHAMAN,1926,BARABANI,192602,CLU1920860,TANTULIA KANYAPUR SSK,19260208804,12,1,0,0,0,0,0,0,0,0,0,0,0,0,2,5,0,7,4,3,0,7,3,1,0,4,4,2,0,6,0,0,0,0,0,0,0,0,0,0,0,0,0,0,0,0,0,0,0,0,0,0,0,0,0,0,0,0,0,0,0,0,13,11,0,24
PASCHIM BARDHAMAN,1926,BARABANI,192602,CLU1920835,TARAKESHWAR INTERNATIONAL SCHOOL,19266100167,5,2,0,0,0,0,0,0,0,0,18,17,0,35,10,15,0,25,0,0,0,0,0,0,0,0,0,0,0,0,0,0,0,0,0,0,0,0,0,0,0,0,0,0,0,0,0,0,0,0,0,0,0,0,0,0,0,0,0,0,0,0,28,32,0,60
PASCHIM BARDHAMAN,1926,BARABANI,192602,CLU1922530,VIVEKANANDA PUBLIC SCHOOL,19260204805,8,1,0,0,0,0,0,0,0,0,9,8,0,17,7,4,0,11,0,0,0,0,0,0,0,0,3,1,0,4,0,0,0,0,0,0,0,0,0,0,0,0,0,0,0,0,0,0,0,0,0,0,0,0,0,0,0,0,0,0,0,0,19,13,0,32
